,VIIRS_AREA (km2),MODIS_AREA (km2)
A101,103.19467499999998,62
A202,235.66949999999994,118
F101,259.831575,106
F201,3135.4755749999995,1052
other,852.0,210
